[{"@type":"dssTask","id":"@1","name":"Sync_FF_SF","description":"This is version 2","maxLogs":10,"sourceConnectionId":"@035IJJIVpAJcpEJ5jf95s2","targetConnectionId":"@a7jWNmTLvo5gMiqGHSL9IL","targetObject":"Account","targetObjectLabel":"Account","operation":"Insert","maxRows":0,"truncateTarget":false,"bulkApiDBTarget":false,"verbose":false,"srcFlatFileAttrs":{"@type":"flatFileAttrs","id":98152986,"delimiter":",","textQualifier":"\"","escapeChar":"","headerLineNo":1,"firstDataRow":2,"rowDelimiter":0,"consecutiveDelimiter":false,"multiDelimitersAsAnd":true},"targetMetadataUpdated":false,"modelVersion":"V3-R600","queryAll":false,"srcSettings":{"@type":"taskDataSourceSetting","isShowLabels":false,"isNaturalOrder":true},"tgtSettings":{"@type":"taskDataSourceSetting","isShowLabels":false,"isNaturalOrder":true},"cfSettings":{"@type":"taskDataSourceSetting","isShowLabels":false,"isNaturalOrder":true},"bulkApi":false,"bulkApiSerialMode":false,"bulkApiMonitor":false,"isTargetObjectSfCustom":false,"allowNullUpdates":false,"targetBatchSize":200,"assignmentRuleId":"-1","assignmentRuleType":"None","createSuccessFile":false,"bulkApiHardDelete":false,"srcRuntimeAttrs":{"@type":"taskRuntimeAttrs","attrs":{}},"tgtRuntimeAttrs":{"@type":"taskRuntimeAttrs","attrs":{}},"parameterFileEncoding":"UTF-8","serverlessProperties":{},"sourceObjects":[{"@type":"mObject","name":"Outlets.csv","label":"Outlets.csv","metadataUpdated":false,"relations":[],"children":[]}],"advancedFilters":[],"filters":[],"fieldMaps":[{"@type":"fieldMap","id":"74973774","targetField":{"@type":"field","id":255266307,"name":"Id","type":"id","uniqueName":"Id","label":"Account ID","parentObject":"Account","pcType":"STRING","precision":18,"scale":0,"columnIndex":0,"isKey":true,"isWaterMarkKey":false,"isExternalId":false,"isSfIdLookup":true,"isNullable":false,"isUnique":false,"isCreateable":false,"isUpdateable":false,"isFilterable":true,"isCalculated":false,"filterType":"STRING","showLabel":false,"naturalOrder":0,"typeConfigFields":[],"linkedFields":[],"relatedInfos":[],"references":[]}},{"@type":"fieldMap","id":"74973775","targetField":{"@type":"field","id":255266308,"name":"IsDeleted","type":"boolean","uniqueName":"IsDeleted","label":"Deleted","parentObject":"Account","pcType":"INT","precision":10,"scale":0,"columnIndex":1,"isKey":false,"isWaterMarkKey":false,"isExternalId":false,"isSfIdLookup":false,"isNullable":false,"isUnique":false,"isCreateable":false,"isUpdateable":false,"isFilterable":true,"isCalculated":false,"filterType":"BOOLEAN","showLabel":false,"naturalOrder":1,"typeConfigFields":[],"linkedFields":[],"relatedInfos":[],"references":[]}},{"@type":"fieldMap","id":"74973776","targetField":{"@type":"field","id":255266309,"name":"MasterRecordId","type":"reference","uniqueName":"MasterRecordId","label":"Master Record ID","parentObject":"Account","pcType":"STRING","precision":18,"scale":0,"columnIndex":2,"isKey":false,"isWaterMarkKey":false,"isExternalId":false,"isSfIdLookup":false,"isNullable":true,"isUnique":false,"isCreateable":false,"isUpdateable":false,"isFilterable":true,"isCalculated":false,"filterType":"STRING","showLabel":false,"naturalOrder":2,"typeConfigFields":[],"linkedFields":[],"relatedInfos":[{"@type":"fieldRelatedInfo","id":9769779,"referenceObject":"Account","relationshipName":"MasterRecord","referenceField":{"@type":"field","id":-1,"precision":0,"scale":0,"columnIndex":-1,"isKey":false,"isWaterMarkKey":false,"isExternalId":false,"isSfIdLookup":false,"isNullable":true,"isUnique":false,"isCreateable":false,"isUpdateable":true,"isFilterable":true,"isCalculated":false,"showLabel":true,"naturalOrder":0,"typeConfigFields":[],"linkedFields":[],"relatedInfos":[],"references":[]}}],"references":[]}},{"@type":"fieldMap","id":"74973777","targetField":{"@type":"field","id":255266310,"name":"Name","type":"string","uniqueName":"Name","label":"Account Name","parentObject":"Account","pcType":"STRING","precision":255,"scale":0,"columnIndex":3,"isKey":false,"isWaterMarkKey":false,"isExternalId":false,"isSfIdLookup":false,"isNullable":false,"isUnique":false,"isCreateable":true,"isUpdateable":true,"isFilterable":true,"isCalculated":false,"filterType":"STRING","showLabel":false,"naturalOrder":3,"typeConfigFields":[],"linkedFields":["Outlet_Name"],"relatedInfos":[],"references":[]},"expression":"Outlet_Name"},{"@type":"fieldMap","id":"74973778","targetField":{"@type":"field","id":255266311,"name":"Type","type":"picklist","uniqueName":"Type","label":"Account Type","parentObject":"Account","pcType":"STRING","precision":255,"scale":0,"columnIndex":4,"isKey":false,"isWaterMarkKey":false,"isExternalId":false,"isSfIdLookup":false,"isNullable":true,"isUnique":false,"isCreateable":true,"isUpdateable":true,"isFilterable":true,"isCalculated":false,"filterType":"STRING","showLabel":false,"naturalOrder":4,"typeConfigFields":[],"linkedFields":[],"relatedInfos":[],"references":[]}},{"@type":"fieldMap","id":"74973779","targetField":{"@type":"field","id":255266312,"name":"ParentId","type":"reference","uniqueName":"ParentId","label":"Parent Account ID","parentObject":"Account","pcType":"STRING","precision":18,"scale":0,"columnIndex":5,"isKey":false,"isWaterMarkKey":false,"isExternalId":false,"isSfIdLookup":false,"isNullable":true,"isUnique":false,"isCreateable":true,"isUpdateable":true,"isFilterable":true,"isCalculated":false,"filterType":"STRING","showLabel":false,"naturalOrder":5,"typeConfigFields":[],"linkedFields":[],"relatedInfos":[{"@type":"fieldRelatedInfo","id":9769780,"referenceObject":"Account","relationshipName":"Parent","referenceField":{"@type":"field","id":-1,"precision":0,"scale":0,"columnIndex":-1,"isKey":false,"isWaterMarkKey":false,"isExternalId":false,"isSfIdLookup":false,"isNullable":true,"isUnique":false,"isCreateable":false,"isUpdateable":true,"isFilterable":true,"isCalculated":false,"showLabel":true,"naturalOrder":0,"typeConfigFields":[],"linkedFields":[],"relatedInfos":[],"references":[]}}],"references":[]}},{"@type":"fieldMap","id":"74973780","targetField":{"@type":"field","id":255266313,"name":"BillingStreet","type":"textarea","uniqueName":"BillingStreet","label":"Billing Street","parentObject":"Account","pcType":"STRING","precision":255,"scale":0,"columnIndex":6,"isKey":false,"isWaterMarkKey":false,"isExternalId":false,"isSfIdLookup":false,"isNullable":true,"isUnique":false,"isCreateable":true,"isUpdateable":true,"isFilterable":true,"isCalculated":false,"filterType":"STRING","showLabel":false,"naturalOrder":6,"typeConfigFields":[],"linkedFields":["Street"],"relatedInfos":[],"references":[]},"expression":"Street"},{"@type":"fieldMap","id":"74973781","targetField":{"@type":"field","id":255266314,"name":"BillingCity","type":"string","uniqueName":"BillingCity","label":"Billing City","parentObject":"Account","pcType":"STRING","precision":40,"scale":0,"columnIndex":7,"isKey":false,"isWaterMarkKey":false,"isExternalId":false,"isSfIdLookup":false,"isNullable":true,"isUnique":false,"isCreateable":true,"isUpdateable":true,"isFilterable":true,"isCalculated":false,"filterType":"STRING","showLabel":false,"naturalOrder":7,"typeConfigFields":[],"linkedFields":["City"],"relatedInfos":[],"references":[]},"expression":"City"},{"@type":"fieldMap","id":"74973782","targetField":{"@type":"field","id":255266315,"name":"BillingState","type":"string","uniqueName":"BillingState","label":"Billing State/Province","parentObject":"Account","pcType":"STRING","precision":80,"scale":0,"columnIndex":8,"isKey":false,"isWaterMarkKey":false,"isExternalId":false,"isSfIdLookup":false,"isNullable":true,"isUnique":false,"isCreateable":true,"isUpdateable":true,"isFilterable":true,"isCalculated":false,"filterType":"STRING","showLabel":false,"naturalOrder":8,"typeConfigFields":[],"linkedFields":["State"],"relatedInfos":[],"references":[]},"expression":"State"},{"@type":"fieldMap","id":"74973783","targetField":{"@type":"field","id":255266316,"name":"BillingPostalCode","type":"string","uniqueName":"BillingPostalCode","label":"Billing Zip/Postal Code","parentObject":"Account","pcType":"STRING","precision":20,"scale":0,"columnIndex":9,"isKey":false,"isWaterMarkKey":false,"isExternalId":false,"isSfIdLookup":false,"isNullable":true,"isUnique":false,"isCreateable":true,"isUpdateable":true,"isFilterable":true,"isCalculated":false,"filterType":"STRING","showLabel":false,"naturalOrder":9,"typeConfigFields":[],"linkedFields":["ZipCode"],"relatedInfos":[],"references":[]},"expression":"ZipCode"},{"@type":"fieldMap","id":"74973784","targetField":{"@type":"field","id":255266317,"name":"BillingCountry","type":"string","uniqueName":"BillingCountry","label":"Billing Country","parentObject":"Account","pcType":"STRING","precision":80,"scale":0,"columnIndex":10,"isKey":false,"isWaterMarkKey":false,"isExternalId":false,"isSfIdLookup":false,"isNullable":true,"isUnique":false,"isCreateable":true,"isUpdateable":true,"isFilterable":true,"isCalculated":false,"filterType":"STRING","showLabel":false,"naturalOrder":10,"typeConfigFields":[],"linkedFields":["Country"],"relatedInfos":[],"references":[]},"expression":"Country"},{"@type":"fieldMap","id":"74973785","targetField":{"@type":"field","id":255266318,"name":"BillingLatitude","type":"double","uniqueName":"BillingLatitude","label":"Billing Latitude","parentObject":"Account","pcType":"HIPRECDECIMAL","precision":18,"scale":15,"columnIndex":11,"isKey":false,"isWaterMarkKey":false,"isExternalId":false,"isSfIdLookup":false,"isNullable":true,"isUnique":false,"isCreateable":true,"isUpdateable":true,"isFilterable":true,"isCalculated":false,"filterType":"DOUBLE","showLabel":false,"naturalOrder":11,"typeConfigFields":[],"linkedFields":[],"relatedInfos":[],"references":[]}},{"@type":"fieldMap","id":"74973786","targetField":{"@type":"field","id":255266319,"name":"BillingLongitude","type":"double","uniqueName":"BillingLongitude","label":"Billing Longitude","parentObject":"Account","pcType":"HIPRECDECIMAL","precision":18,"scale":15,"columnIndex":12,"isKey":false,"isWaterMarkKey":false,"isExternalId":false,"isSfIdLookup":false,"isNullable":true,"isUnique":false,"isCreateable":true,"isUpdateable":true,"isFilterable":true,"isCalculated":false,"filterType":"DOUBLE","showLabel":false,"naturalOrder":12,"typeConfigFields":[],"linkedFields":[],"relatedInfos":[],"references":[]}},{"@type":"fieldMap","id":"74973787","targetField":{"@type":"field","id":255266320,"name":"BillingGeocodeAccuracy","type":"picklist","uniqueName":"BillingGeocodeAccuracy","label":"Billing Geocode Accuracy","parentObject":"Account","pcType":"STRING","precision":40,"scale":0,"columnIndex":13,"isKey":false,"isWaterMarkKey":false,"isExternalId":false,"isSfIdLookup":false,"isNullable":true,"isUnique":false,"isCreateable":true,"isUpdateable":true,"isFilterable":true,"isCalculated":false,"filterType":"STRING","showLabel":false,"naturalOrder":13,"typeConfigFields":[],"linkedFields":[],"relatedInfos":[],"references":[]}},{"@type":"fieldMap","id":"74973788","targetField":{"@type":"field","id":255266321,"name":"ShippingStreet","type":"textarea","uniqueName":"ShippingStreet","label":"Shipping Street","parentObject":"Account","pcType":"STRING","precision":255,"scale":0,"columnIndex":14,"isKey":false,"isWaterMarkKey":false,"isExternalId":false,"isSfIdLookup":false,"isNullable":true,"isUnique":false,"isCreateable":true,"isUpdateable":true,"isFilterable":true,"isCalculated":false,"filterType":"STRING","showLabel":false,"naturalOrder":14,"typeConfigFields":[],"linkedFields":[],"relatedInfos":[],"references":[]}},{"@type":"fieldMap","id":"74973789","targetField":{"@type":"field","id":255266322,"name":"ShippingCity","type":"string","uniqueName":"ShippingCity","label":"Shipping City","parentObject":"Account","pcType":"STRING","precision":40,"scale":0,"columnIndex":15,"isKey":false,"isWaterMarkKey":false,"isExternalId":false,"isSfIdLookup":false,"isNullable":true,"isUnique":false,"isCreateable":true,"isUpdateable":true,"isFilterable":true,"isCalculated":false,"filterType":"STRING","showLabel":false,"naturalOrder":15,"typeConfigFields":[],"linkedFields":[],"relatedInfos":[],"references":[]}},{"@type":"fieldMap","id":"74973790","targetField":{"@type":"field","id":255266323,"name":"ShippingState","type":"string","uniqueName":"ShippingState","label":"Shipping State/Province","parentObject":"Account","pcType":"STRING","precision":80,"scale":0,"columnIndex":16,"isKey":false,"isWaterMarkKey":false,"isExternalId":false,"isSfIdLookup":false,"isNullable":true,"isUnique":false,"isCreateable":true,"isUpdateable":true,"isFilterable":true,"isCalculated":false,"filterType":"STRING","showLabel":false,"naturalOrder":16,"typeConfigFields":[],"linkedFields":[],"relatedInfos":[],"references":[]}},{"@type":"fieldMap","id":"74973791","targetField":{"@type":"field","id":255266324,"name":"ShippingPostalCode","type":"string","uniqueName":"ShippingPostalCode","label":"Shipping Zip/Postal Code","parentObject":"Account","pcType":"STRING","precision":20,"scale":0,"columnIndex":17,"isKey":false,"isWaterMarkKey":false,"isExternalId":false,"isSfIdLookup":false,"isNullable":true,"isUnique":false,"isCreateable":true,"isUpdateable":true,"isFilterable":true,"isCalculated":false,"filterType":"STRING","showLabel":false,"naturalOrder":17,"typeConfigFields":[],"linkedFields":[],"relatedInfos":[],"references":[]}},{"@type":"fieldMap","id":"74973792","targetField":{"@type":"field","id":255266325,"name":"ShippingCountry","type":"string","uniqueName":"ShippingCountry","label":"Shipping Country","parentObject":"Account","pcType":"STRING","precision":80,"scale":0,"columnIndex":18,"isKey":false,"isWaterMarkKey":false,"isExternalId":false,"isSfIdLookup":false,"isNullable":true,"isUnique":false,"isCreateable":true,"isUpdateable":true,"isFilterable":true,"isCalculated":false,"filterType":"STRING","showLabel":false,"naturalOrder":18,"typeConfigFields":[],"linkedFields":[],"relatedInfos":[],"references":[]}},{"@type":"fieldMap","id":"74973793","targetField":{"@type":"field","id":255266326,"name":"ShippingLatitude","type":"double","uniqueName":"ShippingLatitude","label":"Shipping Latitude","parentObject":"Account","pcType":"HIPRECDECIMAL","precision":18,"scale":15,"columnIndex":19,"isKey":false,"isWaterMarkKey":false,"isExternalId":false,"isSfIdLookup":false,"isNullable":true,"isUnique":false,"isCreateable":true,"isUpdateable":true,"isFilterable":true,"isCalculated":false,"filterType":"DOUBLE","showLabel":false,"naturalOrder":19,"typeConfigFields":[],"linkedFields":[],"relatedInfos":[],"references":[]}},{"@type":"fieldMap","id":"74973794","targetField":{"@type":"field","id":255266327,"name":"ShippingLongitude","type":"double","uniqueName":"ShippingLongitude","label":"Shipping Longitude","parentObject":"Account","pcType":"HIPRECDECIMAL","precision":18,"scale":15,"columnIndex":20,"isKey":false,"isWaterMarkKey":false,"isExternalId":false,"isSfIdLookup":false,"isNullable":true,"isUnique":false,"isCreateable":true,"isUpdateable":true,"isFilterable":true,"isCalculated":false,"filterType":"DOUBLE","showLabel":false,"naturalOrder":20,"typeConfigFields":[],"linkedFields":[],"relatedInfos":[],"references":[]}},{"@type":"fieldMap","id":"74973795","targetField":{"@type":"field","id":255266328,"name":"ShippingGeocodeAccuracy","type":"picklist","uniqueName":"ShippingGeocodeAccuracy","label":"Shipping Geocode Accuracy","parentObject":"Account","pcType":"STRING","precision":40,"scale":0,"columnIndex":21,"isKey":false,"isWaterMarkKey":false,"isExternalId":false,"isSfIdLookup":false,"isNullable":true,"isUnique":false,"isCreateable":true,"isUpdateable":true,"isFilterable":true,"isCalculated":false,"filterType":"STRING","showLabel":false,"naturalOrder":21,"typeConfigFields":[],"linkedFields":[],"relatedInfos":[],"references":[]}},{"@type":"fieldMap","id":"74973796","targetField":{"@type":"field","id":255266329,"name":"Phone","type":"phone","uniqueName":"Phone","label":"Account Phone","parentObject":"Account","pcType":"STRING","precision":40,"scale":0,"columnIndex":22,"isKey":false,"isWaterMarkKey":false,"isExternalId":false,"isSfIdLookup":false,"isNullable":true,"isUnique":false,"isCreateable":true,"isUpdateable":true,"isFilterable":true,"isCalculated":false,"filterType":"STRING","showLabel":false,"naturalOrder":22,"typeConfigFields":[],"linkedFields":["Phone_Number"],"relatedInfos":[],"references":[]},"expression":"Phone_Number"},{"@type":"fieldMap","id":"74973797","targetField":{"@type":"field","id":255266330,"name":"Fax","type":"phone","uniqueName":"Fax","label":"Account Fax","parentObject":"Account","pcType":"STRING","precision":40,"scale":0,"columnIndex":23,"isKey":false,"isWaterMarkKey":false,"isExternalId":false,"isSfIdLookup":false,"isNullable":true,"isUnique":false,"isCreateable":true,"isUpdateable":true,"isFilterable":true,"isCalculated":false,"filterType":"STRING","showLabel":false,"naturalOrder":23,"typeConfigFields":[],"linkedFields":[],"relatedInfos":[],"references":[]}},{"@type":"fieldMap","id":"74973798","targetField":{"@type":"field","id":255266331,"name":"AccountNumber","type":"string","uniqueName":"AccountNumber","label":"Account Number","parentObject":"Account","pcType":"STRING","precision":40,"scale":0,"columnIndex":24,"isKey":false,"isWaterMarkKey":false,"isExternalId":false,"isSfIdLookup":false,"isNullable":true,"isUnique":false,"isCreateable":true,"isUpdateable":true,"isFilterable":true,"isCalculated":false,"filterType":"STRING","showLabel":false,"naturalOrder":24,"typeConfigFields":[],"linkedFields":[],"relatedInfos":[],"references":[]}},{"@type":"fieldMap","id":"74973799","targetField":{"@type":"field","id":255266332,"name":"Website","type":"url","uniqueName":"Website","label":"Website","parentObject":"Account","pcType":"STRING","precision":255,"scale":0,"columnIndex":25,"isKey":false,"isWaterMarkKey":false,"isExternalId":false,"isSfIdLookup":false,"isNullable":true,"isUnique":false,"isCreateable":true,"isUpdateable":true,"isFilterable":true,"isCalculated":false,"filterType":"STRING","showLabel":false,"naturalOrder":25,"typeConfigFields":[],"linkedFields":[],"relatedInfos":[],"references":[]}},{"@type":"fieldMap","id":"74973800","targetField":{"@type":"field","id":255266333,"name":"PhotoUrl","type":"url","uniqueName":"PhotoUrl","label":"Photo URL","parentObject":"Account","pcType":"STRING","precision":255,"scale":0,"columnIndex":26,"isKey":false,"isWaterMarkKey":false,"isExternalId":false,"isSfIdLookup":false,"isNullable":true,"isUnique":false,"isCreateable":false,"isUpdateable":false,"isFilterable":true,"isCalculated":false,"filterType":"STRING","showLabel":false,"naturalOrder":26,"typeConfigFields":[],"linkedFields":[],"relatedInfos":[],"references":[]}},{"@type":"fieldMap","id":"74973801","targetField":{"@type":"field","id":255266334,"name":"Sic","type":"string","uniqueName":"Sic","label":"SIC Code","parentObject":"Account","pcType":"STRING","precision":20,"scale":0,"columnIndex":27,"isKey":false,"isWaterMarkKey":false,"isExternalId":false,"isSfIdLookup":false,"isNullable":true,"isUnique":false,"isCreateable":true,"isUpdateable":true,"isFilterable":true,"isCalculated":false,"filterType":"STRING","showLabel":false,"naturalOrder":27,"typeConfigFields":[],"linkedFields":[],"relatedInfos":[],"references":[]}},{"@type":"fieldMap","id":"74973802","targetField":{"@type":"field","id":255266335,"name":"Industry","type":"picklist","uniqueName":"Industry","label":"Industry","parentObject":"Account","pcType":"STRING","precision":255,"scale":0,"columnIndex":28,"isKey":false,"isWaterMarkKey":false,"isExternalId":false,"isSfIdLookup":false,"isNullable":true,"isUnique":false,"isCreateable":true,"isUpdateable":true,"isFilterable":true,"isCalculated":false,"filterType":"STRING","showLabel":false,"naturalOrder":28,"typeConfigFields":[],"linkedFields":[],"relatedInfos":[],"references":[]}},{"@type":"fieldMap","id":"74973803","targetField":{"@type":"field","id":255266336,"name":"AnnualRevenue","type":"currency","uniqueName":"AnnualRevenue","label":"Annual Revenue","parentObject":"Account","pcType":"HIPRECDECIMAL","precision":18,"scale":0,"columnIndex":29,"isKey":false,"isWaterMarkKey":false,"isExternalId":false,"isSfIdLookup":false,"isNullable":true,"isUnique":false,"isCreateable":true,"isUpdateable":true,"isFilterable":true,"isCalculated":false,"filterType":"CURRENCY","showLabel":false,"naturalOrder":29,"typeConfigFields":[],"linkedFields":[],"relatedInfos":[],"references":[]}},{"@type":"fieldMap","id":"74973804","targetField":{"@type":"field","id":255266337,"name":"NumberOfEmployees","type":"int","uniqueName":"NumberOfEmployees","label":"Employees","parentObject":"Account","pcType":"INT","precision":10,"scale":0,"columnIndex":30,"isKey":false,"isWaterMarkKey":false,"isExternalId":false,"isSfIdLookup":false,"isNullable":true,"isUnique":false,"isCreateable":true,"isUpdateable":true,"isFilterable":true,"isCalculated":false,"filterType":"INT","showLabel":false,"naturalOrder":30,"typeConfigFields":[],"linkedFields":["Employees"],"relatedInfos":[],"references":[]},"expression":"Employees"},{"@type":"fieldMap","id":"74973805","targetField":{"@type":"field","id":255266338,"name":"Ownership","type":"picklist","uniqueName":"Ownership","label":"Ownership","parentObject":"Account","pcType":"STRING","precision":255,"scale":0,"columnIndex":31,"isKey":false,"isWaterMarkKey":false,"isExternalId":false,"isSfIdLookup":false,"isNullable":true,"isUnique":false,"isCreateable":true,"isUpdateable":true,"isFilterable":true,"isCalculated":false,"filterType":"STRING","showLabel":false,"naturalOrder":31,"typeConfigFields":[],"linkedFields":[],"relatedInfos":[],"references":[]}},{"@type":"fieldMap","id":"74973806","targetField":{"@type":"field","id":255266339,"name":"TickerSymbol","type":"string","uniqueName":"TickerSymbol","label":"Ticker Symbol","parentObject":"Account","pcType":"STRING","precision":20,"scale":0,"columnIndex":32,"isKey":false,"isWaterMarkKey":false,"isExternalId":false,"isSfIdLookup":false,"isNullable":true,"isUnique":false,"isCreateable":true,"isUpdateable":true,"isFilterable":true,"isCalculated":false,"filterType":"STRING","showLabel":false,"naturalOrder":32,"typeConfigFields":[],"linkedFields":[],"relatedInfos":[],"references":[]}},{"@type":"fieldMap","id":"74973807","targetField":{"@type":"field","id":255266340,"name":"Description","type":"textarea","uniqueName":"Description","label":"Account Description","parentObject":"Account","pcType":"STRING","precision":32000,"scale":0,"columnIndex":33,"isKey":false,"isWaterMarkKey":false,"isExternalId":false,"isSfIdLookup":false,"isNullable":true,"isUnique":false,"isCreateable":true,"isUpdateable":true,"isFilterable":false,"isCalculated":false,"filterType":"STRING","showLabel":false,"naturalOrder":33,"typeConfigFields":[],"linkedFields":[],"relatedInfos":[],"references":[]}},{"@type":"fieldMap","id":"74973808","targetField":{"@type":"field","id":255266341,"name":"Rating","type":"picklist","uniqueName":"Rating","label":"Account Rating","parentObject":"Account","pcType":"STRING","precision":255,"scale":0,"columnIndex":34,"isKey":false,"isWaterMarkKey":false,"isExternalId":false,"isSfIdLookup":false,"isNullable":true,"isUnique":false,"isCreateable":true,"isUpdateable":true,"isFilterable":true,"isCalculated":false,"filterType":"STRING","showLabel":false,"naturalOrder":34,"typeConfigFields":[],"linkedFields":[],"relatedInfos":[],"references":[]}},{"@type":"fieldMap","id":"74973809","targetField":{"@type":"field","id":255266342,"name":"Site","type":"string","uniqueName":"Site","label":"Account Site","parentObject":"Account","pcType":"STRING","precision":80,"scale":0,"columnIndex":35,"isKey":false,"isWaterMarkKey":false,"isExternalId":false,"isSfIdLookup":false,"isNullable":true,"isUnique":false,"isCreateable":true,"isUpdateable":true,"isFilterable":true,"isCalculated":false,"filterType":"STRING","showLabel":false,"naturalOrder":35,"typeConfigFields":[],"linkedFields":[],"relatedInfos":[],"references":[]}},{"@type":"fieldMap","id":"74973810","targetField":{"@type":"field","id":255266343,"name":"OwnerId","type":"reference","uniqueName":"OwnerId","label":"Owner ID","parentObject":"Account","pcType":"STRING","precision":18,"scale":0,"columnIndex":36,"isKey":false,"isWaterMarkKey":false,"isExternalId":false,"isSfIdLookup":false,"isNullable":false,"isUnique":false,"isCreateable":true,"isUpdateable":true,"isFilterable":true,"isCalculated":false,"filterType":"STRING","showLabel":false,"naturalOrder":36,"typeConfigFields":[],"linkedFields":[],"relatedInfos":[{"@type":"fieldRelatedInfo","id":9769781,"referenceObject":"User","relationshipName":"Owner","referenceField":{"@type":"field","id":-1,"precision":0,"scale":0,"columnIndex":-1,"isKey":false,"isWaterMarkKey":false,"isExternalId":false,"isSfIdLookup":false,"isNullable":true,"isUnique":false,"isCreateable":false,"isUpdateable":true,"isFilterable":true,"isCalculated":false,"showLabel":true,"naturalOrder":0,"typeConfigFields":[],"linkedFields":[],"relatedInfos":[],"references":[]}}],"references":[]}},{"@type":"fieldMap","id":"74973811","targetField":{"@type":"field","id":255266344,"name":"CreatedDate","type":"datetime","uniqueName":"CreatedDate","label":"Created Date","parentObject":"Account","pcType":"DATE","precision":24,"scale":0,"columnIndex":37,"isKey":false,"isWaterMarkKey":false,"isExternalId":false,"isSfIdLookup":false,"isNullable":false,"isUnique":false,"isCreateable":false,"isUpdateable":false,"isFilterable":true,"isCalculated":false,"filterType":"DATETIME","showLabel":false,"naturalOrder":37,"typeConfigFields":[],"linkedFields":[],"relatedInfos":[],"references":[]}},{"@type":"fieldMap","id":"74973812","targetField":{"@type":"field","id":255266345,"name":"CreatedById","type":"reference","uniqueName":"CreatedById","label":"Created By ID","parentObject":"Account","pcType":"STRING","precision":18,"scale":0,"columnIndex":38,"isKey":false,"isWaterMarkKey":false,"isExternalId":false,"isSfIdLookup":false,"isNullable":false,"isUnique":false,"isCreateable":false,"isUpdateable":false,"isFilterable":true,"isCalculated":false,"filterType":"STRING","showLabel":false,"naturalOrder":38,"typeConfigFields":[],"linkedFields":[],"relatedInfos":[{"@type":"fieldRelatedInfo","id":9769782,"referenceObject":"User","relationshipName":"CreatedBy","referenceField":{"@type":"field","id":-1,"precision":0,"scale":0,"columnIndex":-1,"isKey":false,"isWaterMarkKey":false,"isExternalId":false,"isSfIdLookup":false,"isNullable":true,"isUnique":false,"isCreateable":false,"isUpdateable":true,"isFilterable":true,"isCalculated":false,"showLabel":true,"naturalOrder":0,"typeConfigFields":[],"linkedFields":[],"relatedInfos":[],"references":[]}}],"references":[]}},{"@type":"fieldMap","id":"74973813","targetField":{"@type":"field","id":255266346,"name":"LastModifiedDate","type":"datetime","uniqueName":"LastModifiedDate","label":"Last Modified Date","parentObject":"Account","pcType":"DATE","precision":24,"scale":0,"columnIndex":39,"isKey":false,"isWaterMarkKey":false,"isExternalId":false,"isSfIdLookup":false,"isNullable":false,"isUnique":false,"isCreateable":false,"isUpdateable":false,"isFilterable":true,"isCalculated":false,"filterType":"DATETIME","showLabel":false,"naturalOrder":39,"typeConfigFields":[],"linkedFields":[],"relatedInfos":[],"references":[]}},{"@type":"fieldMap","id":"74973814","targetField":{"@type":"field","id":255266347,"name":"LastModifiedById","type":"reference","uniqueName":"LastModifiedById","label":"Last Modified By ID","parentObject":"Account","pcType":"STRING","precision":18,"scale":0,"columnIndex":40,"isKey":false,"isWaterMarkKey":false,"isExternalId":false,"isSfIdLookup":false,"isNullable":false,"isUnique":false,"isCreateable":false,"isUpdateable":false,"isFilterable":true,"isCalculated":false,"filterType":"STRING","showLabel":false,"naturalOrder":40,"typeConfigFields":[],"linkedFields":[],"relatedInfos":[{"@type":"fieldRelatedInfo","id":9769783,"referenceObject":"User","relationshipName":"LastModifiedBy","referenceField":{"@type":"field","id":-1,"precision":0,"scale":0,"columnIndex":-1,"isKey":false,"isWaterMarkKey":false,"isExternalId":false,"isSfIdLookup":false,"isNullable":true,"isUnique":false,"isCreateable":false,"isUpdateable":true,"isFilterable":true,"isCalculated":false,"showLabel":true,"naturalOrder":0,"typeConfigFields":[],"linkedFields":[],"relatedInfos":[],"references":[]}}],"references":[]}},{"@type":"fieldMap","id":"74973815","targetField":{"@type":"field","id":255266348,"name":"SystemModstamp","type":"datetime","uniqueName":"SystemModstamp","label":"System Modstamp","parentObject":"Account","pcType":"DATE","precision":24,"scale":0,"columnIndex":41,"isKey":false,"isWaterMarkKey":false,"isExternalId":false,"isSfIdLookup":false,"isNullable":false,"isUnique":false,"isCreateable":false,"isUpdateable":false,"isFilterable":true,"isCalculated":false,"filterType":"DATETIME","showLabel":false,"naturalOrder":41,"typeConfigFields":[],"linkedFields":[],"relatedInfos":[],"references":[]}},{"@type":"fieldMap","id":"74973816","targetField":{"@type":"field","id":255266349,"name":"LastActivityDate","type":"date","uniqueName":"LastActivityDate","label":"Last Activity","parentObject":"Account","pcType":"DATE","precision":10,"scale":0,"columnIndex":42,"isKey":false,"isWaterMarkKey":false,"isExternalId":false,"isSfIdLookup":false,"isNullable":true,"isUnique":false,"isCreateable":false,"isUpdateable":false,"isFilterable":true,"isCalculated":false,"filterType":"DATE","showLabel":false,"naturalOrder":42,"typeConfigFields":[],"linkedFields":[],"relatedInfos":[],"references":[]}},{"@type":"fieldMap","id":"74973817","targetField":{"@type":"field","id":255266350,"name":"LastViewedDate","type":"datetime","uniqueName":"LastViewedDate","label":"Last Viewed Date","parentObject":"Account","pcType":"DATE","precision":24,"scale":0,"columnIndex":43,"isKey":false,"isWaterMarkKey":false,"isExternalId":false,"isSfIdLookup":false,"isNullable":true,"isUnique":false,"isCreateable":false,"isUpdateable":false,"isFilterable":true,"isCalculated":false,"filterType":"DATETIME","showLabel":false,"naturalOrder":43,"typeConfigFields":[],"linkedFields":[],"relatedInfos":[],"references":[]}},{"@type":"fieldMap","id":"74973818","targetField":{"@type":"field","id":255266351,"name":"LastReferencedDate","type":"datetime","uniqueName":"LastReferencedDate","label":"Last Referenced Date","parentObject":"Account","pcType":"DATE","precision":24,"scale":0,"columnIndex":44,"isKey":false,"isWaterMarkKey":false,"isExternalId":false,"isSfIdLookup":false,"isNullable":true,"isUnique":false,"isCreateable":false,"isUpdateable":false,"isFilterable":true,"isCalculated":false,"filterType":"DATETIME","showLabel":false,"naturalOrder":44,"typeConfigFields":[],"linkedFields":[],"relatedInfos":[],"references":[]}},{"@type":"fieldMap","id":"74973819","targetField":{"@type":"field","id":255266352,"name":"Jigsaw","type":"string","uniqueName":"Jigsaw","label":"Data.com Key","parentObject":"Account","pcType":"STRING","precision":20,"scale":0,"columnIndex":45,"isKey":false,"isWaterMarkKey":false,"isExternalId":false,"isSfIdLookup":false,"isNullable":true,"isUnique":false,"isCreateable":true,"isUpdateable":true,"isFilterable":true,"isCalculated":false,"filterType":"STRING","showLabel":false,"naturalOrder":45,"typeConfigFields":[],"linkedFields":[],"relatedInfos":[],"references":[]}},{"@type":"fieldMap","id":"74973820","targetField":{"@type":"field","id":255266353,"name":"JigsawCompanyId","type":"string","uniqueName":"JigsawCompanyId","label":"Jigsaw Company ID","parentObject":"Account","pcType":"STRING","precision":20,"scale":0,"columnIndex":46,"isKey":false,"isWaterMarkKey":false,"isExternalId":false,"isSfIdLookup":false,"isNullable":true,"isUnique":false,"isCreateable":false,"isUpdateable":false,"isFilterable":true,"isCalculated":false,"filterType":"STRING","showLabel":false,"naturalOrder":46,"typeConfigFields":[],"linkedFields":[],"relatedInfos":[],"references":[]}},{"@type":"fieldMap","id":"74973821","targetField":{"@type":"field","id":255266354,"name":"CleanStatus","type":"picklist","uniqueName":"CleanStatus","label":"Clean Status","parentObject":"Account","pcType":"STRING","precision":40,"scale":0,"columnIndex":47,"isKey":false,"isWaterMarkKey":false,"isExternalId":false,"isSfIdLookup":false,"isNullable":true,"isUnique":false,"isCreateable":true,"isUpdateable":true,"isFilterable":true,"isCalculated":false,"filterType":"STRING","showLabel":false,"naturalOrder":47,"typeConfigFields":[],"linkedFields":[],"relatedInfos":[],"references":[]}},{"@type":"fieldMap","id":"74973822","targetField":{"@type":"field","id":255266355,"name":"AccountSource","type":"picklist","uniqueName":"AccountSource","label":"Account Source","parentObject":"Account","pcType":"STRING","precision":255,"scale":0,"columnIndex":48,"isKey":false,"isWaterMarkKey":false,"isExternalId":false,"isSfIdLookup":false,"isNullable":true,"isUnique":false,"isCreateable":true,"isUpdateable":true,"isFilterable":true,"isCalculated":false,"filterType":"STRING","showLabel":false,"naturalOrder":48,"typeConfigFields":[],"linkedFields":[],"relatedInfos":[],"references":[]}},{"@type":"fieldMap","id":"74973823","targetField":{"@type":"field","id":255266356,"name":"DunsNumber","type":"string","uniqueName":"DunsNumber","label":"D-U-N-S Number","parentObject":"Account","pcType":"STRING","precision":9,"scale":0,"columnIndex":49,"isKey":false,"isWaterMarkKey":false,"isExternalId":false,"isSfIdLookup":false,"isNullable":true,"isUnique":false,"isCreateable":true,"isUpdateable":true,"isFilterable":true,"isCalculated":false,"filterType":"STRING","showLabel":false,"naturalOrder":49,"typeConfigFields":[],"linkedFields":[],"relatedInfos":[],"references":[]}},{"@type":"fieldMap","id":"74973824","targetField":{"@type":"field","id":255266357,"name":"Tradestyle","type":"string","uniqueName":"Tradestyle","label":"Tradestyle","parentObject":"Account","pcType":"STRING","precision":255,"scale":0,"columnIndex":50,"isKey":false,"isWaterMarkKey":false,"isExternalId":false,"isSfIdLookup":false,"isNullable":true,"isUnique":false,"isCreateable":true,"isUpdateable":true,"isFilterable":true,"isCalculated":false,"filterType":"STRING","showLabel":false,"naturalOrder":50,"typeConfigFields":[],"linkedFields":[],"relatedInfos":[],"references":[]}},{"@type":"fieldMap","id":"74973825","targetField":{"@type":"field","id":255266358,"name":"NaicsCode","type":"string","uniqueName":"NaicsCode","label":"NAICS Code","parentObject":"Account","pcType":"STRING","precision":8,"scale":0,"columnIndex":51,"isKey":false,"isWaterMarkKey":false,"isExternalId":false,"isSfIdLookup":false,"isNullable":true,"isUnique":false,"isCreateable":true,"isUpdateable":true,"isFilterable":true,"isCalculated":false,"filterType":"STRING","showLabel":false,"naturalOrder":51,"typeConfigFields":[],"linkedFields":[],"relatedInfos":[],"references":[]}},{"@type":"fieldMap","id":"74973826","targetField":{"@type":"field","id":255266359,"name":"NaicsDesc","type":"string","uniqueName":"NaicsDesc","label":"NAICS Description","parentObject":"Account","pcType":"STRING","precision":120,"scale":0,"columnIndex":52,"isKey":false,"isWaterMarkKey":false,"isExternalId":false,"isSfIdLookup":false,"isNullable":true,"isUnique":false,"isCreateable":true,"isUpdateable":true,"isFilterable":true,"isCalculated":false,"filterType":"STRING","showLabel":false,"naturalOrder":52,"typeConfigFields":[],"linkedFields":[],"relatedInfos":[],"references":[]}},{"@type":"fieldMap","id":"74973827","targetField":{"@type":"field","id":255266360,"name":"YearStarted","type":"string","uniqueName":"YearStarted","label":"Year Started","parentObject":"Account","pcType":"STRING","precision":4,"scale":0,"columnIndex":53,"isKey":false,"isWaterMarkKey":false,"isExternalId":false,"isSfIdLookup":false,"isNullable":true,"isUnique":false,"isCreateable":true,"isUpdateable":true,"isFilterable":true,"isCalculated":false,"filterType":"STRING","showLabel":false,"naturalOrder":53,"typeConfigFields":[],"linkedFields":[],"relatedInfos":[],"references":[]}},{"@type":"fieldMap","id":"74973828","targetField":{"@type":"field","id":255266361,"name":"SicDesc","type":"string","uniqueName":"SicDesc","label":"SIC Description","parentObject":"Account","pcType":"STRING","precision":80,"scale":0,"columnIndex":54,"isKey":false,"isWaterMarkKey":false,"isExternalId":false,"isSfIdLookup":false,"isNullable":true,"isUnique":false,"isCreateable":true,"isUpdateable":true,"isFilterable":true,"isCalculated":false,"filterType":"STRING","showLabel":false,"naturalOrder":54,"typeConfigFields":[],"linkedFields":[],"relatedInfos":[],"references":[]}},{"@type":"fieldMap","id":"74973829","targetField":{"@type":"field","id":255266362,"name":"DandbCompanyId","type":"reference","uniqueName":"DandbCompanyId","label":"D&B Company ID","parentObject":"Account","pcType":"STRING","precision":18,"scale":0,"columnIndex":55,"isKey":false,"isWaterMarkKey":false,"isExternalId":false,"isSfIdLookup":false,"isNullable":true,"isUnique":false,"isCreateable":true,"isUpdateable":true,"isFilterable":true,"isCalculated":false,"filterType":"STRING","showLabel":false,"naturalOrder":55,"typeConfigFields":[],"linkedFields":[],"relatedInfos":[{"@type":"fieldRelatedInfo","id":9769784,"referenceObject":"DandBCompany","relationshipName":"DandbCompany","referenceField":{"@type":"field","id":-1,"precision":0,"scale":0,"columnIndex":-1,"isKey":false,"isWaterMarkKey":false,"isExternalId":false,"isSfIdLookup":false,"isNullable":true,"isUnique":false,"isCreateable":false,"isUpdateable":true,"isFilterable":true,"isCalculated":false,"showLabel":true,"naturalOrder":0,"typeConfigFields":[],"linkedFields":[],"relatedInfos":[],"references":[]}}],"references":[]}},{"@type":"fieldMap","id":"74973830","targetField":{"@type":"field","id":255266363,"name":"OperatingHoursId","type":"reference","uniqueName":"OperatingHoursId","label":"Operating Hour ID","parentObject":"Account","pcType":"STRING","precision":18,"scale":0,"columnIndex":56,"isKey":false,"isWaterMarkKey":false,"isExternalId":false,"isSfIdLookup":false,"isNullable":true,"isUnique":false,"isCreateable":true,"isUpdateable":true,"isFilterable":true,"isCalculated":false,"filterType":"STRING","showLabel":false,"naturalOrder":56,"typeConfigFields":[],"linkedFields":[],"relatedInfos":[{"@type":"fieldRelatedInfo","id":9769785,"referenceObject":"OperatingHours","relationshipName":"OperatingHours","referenceField":{"@type":"field","id":-1,"precision":0,"scale":0,"columnIndex":-1,"isKey":false,"isWaterMarkKey":false,"isExternalId":false,"isSfIdLookup":false,"isNullable":true,"isUnique":false,"isCreateable":false,"isUpdateable":true,"isFilterable":true,"isCalculated":false,"showLabel":true,"naturalOrder":0,"typeConfigFields":[],"linkedFields":[],"relatedInfos":[],"references":[]}}],"references":[]}},{"@type":"fieldMap","id":"74973831","targetField":{"@type":"field","id":255266364,"name":"CustomerPriority__c","type":"picklist","uniqueName":"CustomerPriority__c","label":"Customer Priority","parentObject":"Account","pcType":"STRING","precision":255,"scale":0,"columnIndex":57,"isKey":false,"isWaterMarkKey":false,"isExternalId":false,"isSfIdLookup":false,"isNullable":true,"isUnique":false,"isCreateable":true,"isUpdateable":true,"isFilterable":true,"isCalculated":false,"filterType":"STRING","showLabel":false,"naturalOrder":57,"typeConfigFields":[],"linkedFields":[],"relatedInfos":[],"references":[]}},{"@type":"fieldMap","id":"74973832","targetField":{"@type":"field","id":255266365,"name":"SLA__c","type":"picklist","uniqueName":"SLA__c","label":"SLA","parentObject":"Account","pcType":"STRING","precision":255,"scale":0,"columnIndex":58,"isKey":false,"isWaterMarkKey":false,"isExternalId":false,"isSfIdLookup":false,"isNullable":true,"isUnique":false,"isCreateable":true,"isUpdateable":true,"isFilterable":true,"isCalculated":false,"filterType":"STRING","showLabel":false,"naturalOrder":58,"typeConfigFields":[],"linkedFields":[],"relatedInfos":[],"references":[]}},{"@type":"fieldMap","id":"74973833","targetField":{"@type":"field","id":255266366,"name":"Active__c","type":"picklist","uniqueName":"Active__c","label":"Active","parentObject":"Account","pcType":"STRING","precision":255,"scale":0,"columnIndex":59,"isKey":false,"isWaterMarkKey":false,"isExternalId":false,"isSfIdLookup":false,"isNullable":true,"isUnique":false,"isCreateable":true,"isUpdateable":true,"isFilterable":true,"isCalculated":false,"filterType":"STRING","showLabel":false,"naturalOrder":59,"typeConfigFields":[],"linkedFields":[],"relatedInfos":[],"references":[]}},{"@type":"fieldMap","id":"74973834","targetField":{"@type":"field","id":255266367,"name":"NumberofLocations__c","type":"double","uniqueName":"NumberofLocations__c","label":"Number of Locations","parentObject":"Account","pcType":"HIPRECDECIMAL","precision":3,"scale":0,"columnIndex":60,"isKey":false,"isWaterMarkKey":false,"isExternalId":false,"isSfIdLookup":false,"isNullable":true,"isUnique":false,"isCreateable":true,"isUpdateable":true,"isFilterable":true,"isCalculated":false,"filterType":"DOUBLE","showLabel":false,"naturalOrder":60,"typeConfigFields":[],"linkedFields":[],"relatedInfos":[],"references":[]}},{"@type":"fieldMap","id":"74973835","targetField":{"@type":"field","id":255266368,"name":"UpsellOpportunity__c","type":"picklist","uniqueName":"UpsellOpportunity__c","label":"Upsell Opportunity","parentObject":"Account","pcType":"STRING","precision":255,"scale":0,"columnIndex":61,"isKey":false,"isWaterMarkKey":false,"isExternalId":false,"isSfIdLookup":false,"isNullable":true,"isUnique":false,"isCreateable":true,"isUpdateable":true,"isFilterable":true,"isCalculated":false,"filterType":"STRING","showLabel":false,"naturalOrder":61,"typeConfigFields":[],"linkedFields":[],"relatedInfos":[],"references":[]}},{"@type":"fieldMap","id":"74973836","targetField":{"@type":"field","id":255266369,"name":"SLASerialNumber__c","type":"string","uniqueName":"SLASerialNumber__c","label":"SLA Serial Number","parentObject":"Account","pcType":"STRING","precision":10,"scale":0,"columnIndex":62,"isKey":false,"isWaterMarkKey":false,"isExternalId":false,"isSfIdLookup":false,"isNullable":true,"isUnique":false,"isCreateable":true,"isUpdateable":true,"isFilterable":true,"isCalculated":false,"filterType":"STRING","showLabel":false,"naturalOrder":62,"typeConfigFields":[],"linkedFields":[],"relatedInfos":[],"references":[]}},{"@type":"fieldMap","id":"74973837","targetField":{"@type":"field","id":255266370,"name":"SLAExpirationDate__c","type":"date","uniqueName":"SLAExpirationDate__c","label":"SLA Expiration Date","parentObject":"Account","pcType":"DATE","precision":10,"scale":0,"columnIndex":63,"isKey":false,"isWaterMarkKey":false,"isExternalId":false,"isSfIdLookup":false,"isNullable":true,"isUnique":false,"isCreateable":true,"isUpdateable":true,"isFilterable":true,"isCalculated":false,"filterType":"DATE","showLabel":false,"naturalOrder":63,"typeConfigFields":[],"linkedFields":[],"relatedInfos":[],"references":[]}}],"sourceFields":[{"@type":"field","id":255266371,"name":"Outlet_ID","type":"nstring","uniqueName":"Outlet_ID","label":"Outlet_ID","parentObject":"Outlets.csv","pcType":"UNISTRING","precision":255,"scale":0,"columnIndex":0,"isKey":false,"isWaterMarkKey":false,"isExternalId":false,"isSfIdLookup":false,"isNullable":true,"isUnique":false,"isCreateable":false,"isUpdateable":true,"isFilterable":true,"isCalculated":false,"filterType":"STRING","showLabel":false,"naturalOrder":0,"typeConfigFields":[],"linkedFields":[],"relatedInfos":[],"references":[]},{"@type":"field","id":255266372,"name":"Outlet_Name","type":"nstring","uniqueName":"Outlet_Name","label":"Outlet_Name","parentObject":"Outlets.csv","pcType":"UNISTRING","precision":255,"scale":0,"columnIndex":1,"isKey":false,"isWaterMarkKey":false,"isExternalId":false,"isSfIdLookup":false,"isNullable":true,"isUnique":false,"isCreateable":false,"isUpdateable":true,"isFilterable":true,"isCalculated":false,"filterType":"STRING","showLabel":false,"naturalOrder":0,"typeConfigFields":[],"linkedFields":["Name"],"relatedInfos":[],"references":[]},{"@type":"field","id":255266373,"name":"Phone_Number","type":"nstring","uniqueName":"Phone_Number","label":"Phone_Number","parentObject":"Outlets.csv","pcType":"UNISTRING","precision":40,"scale":0,"columnIndex":2,"isKey":false,"isWaterMarkKey":false,"isExternalId":false,"isSfIdLookup":false,"isNullable":true,"isUnique":false,"isCreateable":false,"isUpdateable":true,"isFilterable":true,"isCalculated":false,"filterType":"STRING","showLabel":false,"naturalOrder":0,"typeConfigFields":[],"linkedFields":["Phone"],"relatedInfos":[],"references":[]},{"@type":"field","id":255266374,"name":"Street","type":"nstring","uniqueName":"Street","label":"Street","parentObject":"Outlets.csv","pcType":"UNISTRING","precision":255,"scale":0,"columnIndex":3,"isKey":false,"isWaterMarkKey":false,"isExternalId":false,"isSfIdLookup":false,"isNullable":true,"isUnique":false,"isCreateable":false,"isUpdateable":true,"isFilterable":true,"isCalculated":false,"filterType":"STRING","showLabel":false,"naturalOrder":0,"typeConfigFields":[],"linkedFields":["BillingStreet"],"relatedInfos":[],"references":[]},{"@type":"field","id":255266375,"name":"City","type":"nstring","uniqueName":"City","label":"City","parentObject":"Outlets.csv","pcType":"UNISTRING","precision":40,"scale":0,"columnIndex":4,"isKey":false,"isWaterMarkKey":false,"isExternalId":false,"isSfIdLookup":false,"isNullable":true,"isUnique":false,"isCreateable":false,"isUpdateable":true,"isFilterable":true,"isCalculated":false,"filterType":"STRING","showLabel":false,"naturalOrder":0,"typeConfigFields":[],"linkedFields":["BillingCity"],"relatedInfos":[],"references":[]},{"@type":"field","id":255266376,"name":"State","type":"nstring","uniqueName":"State","label":"State","parentObject":"Outlets.csv","pcType":"UNISTRING","precision":80,"scale":0,"columnIndex":5,"isKey":false,"isWaterMarkKey":false,"isExternalId":false,"isSfIdLookup":false,"isNullable":true,"isUnique":false,"isCreateable":false,"isUpdateable":true,"isFilterable":true,"isCalculated":false,"filterType":"STRING","showLabel":false,"naturalOrder":0,"typeConfigFields":[],"linkedFields":["BillingState"],"relatedInfos":[],"references":[]},{"@type":"field","id":255266377,"name":"ZipCode","type":"nstring","uniqueName":"ZipCode","label":"ZipCode","parentObject":"Outlets.csv","pcType":"UNISTRING","precision":20,"scale":0,"columnIndex":6,"isKey":false,"isWaterMarkKey":false,"isExternalId":false,"isSfIdLookup":false,"isNullable":true,"isUnique":false,"isCreateable":false,"isUpdateable":true,"isFilterable":true,"isCalculated":false,"filterType":"STRING","showLabel":false,"naturalOrder":0,"typeConfigFields":[],"linkedFields":["BillingPostalCode"],"relatedInfos":[],"references":[]},{"@type":"field","id":255266378,"name":"Country","type":"nstring","uniqueName":"Country","label":"Country","parentObject":"Outlets.csv","pcType":"UNISTRING","precision":80,"scale":0,"columnIndex":7,"isKey":false,"isWaterMarkKey":false,"isExternalId":false,"isSfIdLookup":false,"isNullable":true,"isUnique":false,"isCreateable":false,"isUpdateable":true,"isFilterable":true,"isCalculated":false,"filterType":"STRING","showLabel":false,"naturalOrder":0,"typeConfigFields":[],"linkedFields":["BillingCountry"],"relatedInfos":[],"references":[]},{"@type":"field","id":255266379,"name":"Employees","type":"int","uniqueName":"Employees","label":"Employees","parentObject":"Outlets.csv","pcType":"INT","precision":10,"scale":0,"columnIndex":8,"isKey":false,"isWaterMarkKey":false,"isExternalId":false,"isSfIdLookup":false,"isNullable":true,"isUnique":false,"isCreateable":false,"isUpdateable":true,"isFilterable":true,"isCalculated":false,"filterType":"INT","showLabel":false,"naturalOrder":0,"typeConfigFields":[],"linkedFields":["NumberOfEmployees"],"relatedInfos":[],"references":[]}],"sortFields":[],"groupFields":[]}]